#chrom	pos	ref	alt	n_controls	median_vaf_pct	max_vaf_pct	median_count	max_count	median_strand_frac	type	length
chrX	134393658	G	GT	8	30.6281	31.8247	1250.5	2679	0.602	INS	1
chr17	7676325	CCCCCAGCCCTCCAGGT	C	8	27.3331	39.8175	677.5	1787	0.597	DEL	16
chrX	134414049	AT	A	8	22.2315	25.7627	751.5	1402	0.643	DEL	1
chrX	134414049	A	AT	8	20.6262	24.2527	692.0	1228	0.639	INS	1
chr13	28028110	AGC	A	8	8.6229	10.8925	696.5	908	1.000	DEL	2
chrX	134393658	GT	G	8	12.8529	16.0954	545.5	851	0.621	DEL	1
chr13	28028108	AGAGC	A	8	0.5777	12.1892	43.5	809	1.000	DEL	4
chrX	134393658	G	GTT	8	5.9658	11.3636	294.0	391	0.671	INS	2
chr19	33301848	GGGC	G	8	13.3602	15.8629	229.0	354	0.564	DEL	3
chr17	7676333	CCTCCAGGT	C	8	10.7178	20.6030	131.0	249	0.633	DEL	8
chr8	116866771	GA	G	8	4.5607	9.3409	128.0	231	0.668	DEL	1
chr8	116863092	AAAC	A	8	2.1600	5.2013	80.0	146	0.653	DEL	3
chr19	33302101	TCGC	T	8	7.7801	11.9840	70.5	145	0.659	DEL	3
chr8	116866771	G	GA	8	2.4883	4.8837	69.0	115	0.673	INS	1
chr15	90088542	CG	C	8	1.8169	4.2386	39.5	81	0.695	DEL	1
chr3	128485998	AC	A	8	0.4818	1.2070	27.0	80	0.571	DEL	1
chr17	7676319	CCCAGCCCCCCAGCCCT	C	8	0.5766	1.4703	31.0	64	0.951	DEL	16
chr12	112453402	GA	G	8	0.4817	1.8712	17.0	52	0.698	DEL	1
chr17	7676324	CCCCCCAGCCCTCCAGG	C	8	0.6498	2.5832	17.5	52	0.734	DEL	16
chr17	76736873	CG	C	8	0.3800	1.6281	14.0	50	0.571	DEL	1
chrX	15823107	CAGCCGG	C	8	0.8841	2.4342	33.0	50	0.522	DEL	6
chr2	197401752	AT	A	8	0.3256	1.4692	14.5	47	0.643	DEL	1
chr3	128487034	CCGG	C	8	1.1612	2.9486	21.5	43	0.667	DEL	3
chr15	90088685	T	TC	8	0.3934	1.1246	21.0	39	0.605	INS	1
chr15	90088685	TC	T	8	0.5728	1.2220	25.0	36	0.572	DEL	1
chr11	32389136	CT	C	8	0.2406	1.0989	10.0	34	0.516	DEL	1
chr17	7676314	A	AG	8	0.3347	0.6416	19.0	33	1.000	INS	1
chr3	128486378	AAG	A	8	0.3906	1.1751	11.0	30	0.683	DEL	2
chr17	7676315	G	GC	8	0.2742	0.6168	14.5	29	1.000	INS	1
chr17	7676315	GCCCCCCAGC	G	8	0.1003	0.6326	5.0	23	0.600	DEL	9
chr21	34792320	C	CGCG	8	0.2089	0.5892	11.0	22	0.693	INS	3
chr12	112453244	GA	G	8	0.2712	0.5090	14.5	19	0.613	DEL	1
chr17	7676351	TCCAGGTCCCCAGCCCA	T	8	0.4275	1.1568	8.0	18	1.000	DEL	16
chrX	134393658	G	GTTT	8	0.1822	0.6334	7.5	17	0.665	INS	3
chrX	134414049	A	ATT	8	0.1584	0.4544	6.0	17	0.667	INS	2
chr17	76736873	C	CG	8	0.1472	0.6900	5.5	15	0.500	INS	1
chr3	128486085	GA	G	8	0.1116	0.1968	8.5	15	0.651	DEL	1
chr4	54723710	AT	A	8	0.2121	0.4802	7.0	15	0.675	DEL	1
chr8	116856104	CA	C	8	0.1362	0.2911	9.0	15	0.591	DEL	1
chr21	43094762	CT	C	8	0.2918	0.4998	9.0	14	0.620	DEL	1
chrX	134413996	GT	G	8	0.1155	0.2459	4.0	12	0.750	DEL	1
chr17	7670625	TC	T	7	0.3224	1.0956	7.0	22	0.533	DEL	1
chr4	54733137	AT	A	7	0.2364	0.5219	8.0	15	0.583	DEL	1
chr17	7676335	TCCAGGTCC	T	7	0.6873	2.6128	5.0	14	1.000	DEL	8
chr17	7676334	CTCCAGGT	C	7	0.4870	0.9658	4.0	13	1.000	DEL	7
chr17	7676345	CAGCCCTCCA	C	7	0.1708	0.3681	4.0	13	1.000	DEL	9
chrX	134377638	GA	G	7	0.3050	0.5249	7.0	12	0.571	DEL	1
chr12	112419149	CG	C	7	0.3663	0.6623	5.0	10	0.833	DEL	1
chrX	15809203	GA	G	7	0.1750	0.3790	5.0	10	0.667	DEL	1
chrX	15809370	GT	G	7	0.1392	0.4803	3.0	7	0.714	DEL	1
chr17	7676152	CG	C	6	0.2699	0.8904	11.5	35	0.646	DEL	1
chr19	33301848	GGGCGGC	G	6	0.3771	0.6329	6.0	15	0.500	DEL	6
chrX	15803755	GA	G	6	0.1223	0.7634	5.0	13	0.550	DEL	1
chr17	7676324	CCCCCCAGCCCTCCAGGT	C	6	0.1551	0.5464	5.5	11	0.720	DEL	17
chr1	36466521	TG	T	6	0.0764	0.2800	3.0	10	0.584	DEL	1
chr17	7676315	GC	G	6	0.1470	0.1914	6.5	9	0.667	DEL	1
chr1	36466469	A	AG	6	0.0694	0.2748	3.0	8	1.000	INS	1
chr9	5073691	TC	T	6	0.0479	0.1291	3.5	8	0.562	DEL	1
chr12	112446344	GT	G	6	0.0621	0.2337	2.5	7	0.571	DEL	1
chr13	28028283	CT	C	6	0.0968	0.2420	3.5	7	0.709	DEL	1
chr2	197401752	A	AT	6	0.0566	0.2188	2.5	7	0.619	INS	1
chr21	34834630	ATGG	A	6	0.0806	0.1481	2.0	5	1.000	DEL	3
chr1	36466423	T	TG	6	0.0823	0.1874	3.5	5	1.000	INS	1
chr3	128486160	AC	A	6	0.0505	0.0573	2.0	3	0.500	DEL	1
chr21	34792315	GCCGCCCA	G	5	0.0992	0.4264	4.0	14	0.667	DEL	7
chr8	116852659	CT	C	5	0.0308	0.1104	3.0	9	0.556	DEL	1
chr21	43104411	GA	G	5	0.0907	0.3537	3.0	8	0.667	DEL	1
chr21	34886787	TC	T	5	0.1708	0.4237	4.0	7	0.500	DEL	1
chr8	116848917	AT	A	5	0.0817	0.1668	4.0	7	0.500	DEL	1
chr17	7673717	TG	T	5	0.0711	0.1870	3.0	7	0.600	DEL	1
chr3	128485779	TC	T	5	0.0531	0.1604	3.0	7	0.667	DEL	1
chr17	7675156	CG	C	5	0.0658	0.1533	2.0	4	0.500	DEL	1
chr1	114716111	CT	C	5	0.0918	0.1163	4.0	4	0.500	DEL	1
chr21	34834616	AGGGAG	A	5	0.0818	0.1340	2.0	4	0.500	DEL	5
chr8	116850638	CT	C	5	0.0743	0.0823	2.0	3	0.667	DEL	1
chrX	134413876	AT	A	5	0.0612	0.1761	2.0	3	0.500	DEL	1
chr13	28028106	AGAGAGC	A	4	0.2285	0.4279	15.0	29	1.000	DEL	6
chr19	33302082	CGCG	C	4	1.2319	2.6954	7.0	10	0.578	DEL	3
chr12	112477892	CA	C	4	0.1033	0.2749	5.0	9	0.619	DEL	1
chr17	7676323	GC	G	4	0.2210	0.3733	5.0	8	0.709	DEL	1
chr3	128481994	AC	A	4	0.1350	0.3380	3.0	6	0.500	DEL	1
chr8	116858352	CA	C	4	0.1191	0.1640	3.5	5	0.550	DEL	1
chr17	7676339	GGTCCCCAGCCCTCCA	G	4	0.6931	1.1442	4.0	5	1.000	DEL	15
chr17	7676357	TC	T	4	0.1540	0.2723	4.0	5	1.000	DEL	1
chr12	112489049	CA	C	4	0.0794	0.0955	3.0	3	0.667	DEL	1
chr3	128483950	G	GT	4	0.0551	0.0897	2.0	3	1.000	INS	1
chr21	34792474	CATGCCG	C	4	0.0948	0.1085	2.0	2	0.500	DEL	6
chrX	15803772	TA	T	4	0.0615	0.1384	2.0	2	0.500	DEL	1
chr21	34859572	CT	C	4	0.0784	0.1043	2.0	2	0.500	DEL	1
chr21	34792313	T	TCGC	3	0.1019	0.2196	4.0	10	0.800	INS	3
chr19	33302080	GGCGC	G	3	0.4890	1.8750	2.0	9	0.667	DEL	4
chr3	128485997	TA	T	3	0.0438	0.1288	3.0	7	1.000	DEL	1
chr8	116856701	CA	C	3	0.1185	0.1732	4.0	7	0.667	DEL	1
chr17	76737140	AG	A	3	0.1311	0.2283	4.0	5	0.600	DEL	1
chr3	128486267	GGGC	G	3	0.1014	0.1300	4.0	5	1.000	DEL	3
chrX	134413996	G	GT	3	0.1288	0.2049	3.0	5	0.800	INS	1
chrX	15820300	GA	G	3	0.1243	0.1564	2.0	4	0.500	DEL	1
chrX	15822984	GA	G	3	0.1637	0.1961	3.0	4	0.667	DEL	1
chr17	7676309	TCCTCAGCCCCCCAGCC	T	3	0.0532	0.0959	3.0	4	1.000	DEL	16
chr19	33302268	CGGGGCGGCAGGT	C	3	0.1476	0.1898	3.0	3	0.667	DEL	12
chr21	43094607	AC	A	3	0.0663	0.0825	2.0	3	1.000	DEL	1
chrX	134377638	G	GA	3	0.0945	0.1312	2.0	3	0.667	INS	1
chr13	28033959	CT	C	3	0.0660	0.1129	2.0	3	0.667	DEL	1
chr17	7676340	GTCCCCAGCCCTCCA	G	3	0.3478	0.4819	2.0	3	1.000	DEL	14
chr17	7676356	GTC	G	3	0.1047	0.1437	2.0	3	1.000	DEL	2
chr17	76736849	TC	T	3	0.0940	0.1871	2.0	3	0.667	DEL	1
chr11	32389172	CT	C	3	0.0489	0.1005	2.0	3	0.500	DEL	1
chr1	36466704	TG	T	3	0.0533	0.0622	2.0	2	0.500	DEL	1
chr1	36467804	GC	G	3	0.0781	0.0922	2.0	2	0.500	DEL	1
chr12	112486551	GCGT	G	3	0.0490	0.0580	2.0	2	1.000	DEL	3
chrX	15809221	CA	C	3	0.0774	0.1076	2.0	2	0.500	DEL	1
chr8	116866711	CA	C	3	0.0416	0.0421	2.0	2	0.500	DEL	1
chr12	112486546	TG	T	3	0.0487	0.0629	2.0	2	0.500	DEL	1
chr13	28018600	TG	T	3	0.0528	0.0719	2.0	2	1.000	DEL	1
chr17	7674927	G	GC	3	0.0577	0.0588	2.0	2	1.000	INS	1
chr8	116852711	AT	A	3	0.0183	0.0228	2.0	2	0.500	DEL	1
chr21	34834464	CA	C	2	0.1233	0.2307	6.5	11	0.955	DEL	1
chr12	112477943	CT	C	2	0.0925	0.1586	4.0	6	0.500	DEL	1
chr19	33302267	CCGGGGCGGCAGG	C	2	0.3276	0.3388	5.0	5	0.700	DEL	12
chr12	112489126	CG	C	2	0.1060	0.1259	3.5	4	0.584	DEL	1
chr8	116856722	AG	A	2	0.0968	0.1042	3.5	4	0.584	DEL	1
chr3	128486148	TC	T	2	0.0892	0.1015	4.0	4	0.500	DEL	1
chr13	28018556	GC	G	2	0.0764	0.0966	3.5	4	1.000	DEL	1
chrX	134393658	GTT	G	2	0.0864	0.1490	3.0	4	0.875	DEL	2
chr13	28028142	CT	C	2	0.0396	0.0596	3.0	4	0.500	DEL	1
chr19	33301825	GGCGGGT	G	2	0.1368	0.1732	2.5	3	0.584	DEL	6
chr8	116851980	CT	C	2	0.0827	0.1018	2.5	3	0.584	DEL	1
chr12	112454607	T	TA	2	0.0370	0.0373	2.5	3	1.000	INS	1
chr8	116863104	CA	C	2	0.0616	0.0949	2.5	3	0.584	DEL	1
chr21	34887015	GC	G	2	0.1159	0.1399	3.0	3	1.000	DEL	1
chr3	128483965	AG	A	2	0.0953	0.1291	2.5	3	0.750	DEL	1
chrX	15822907	GACT	G	2	0.1263	0.2110	2.5	3	0.584	DEL	3
chr8	116857344	T	TA	2	0.0579	0.0716	2.5	3	1.000	INS	1
chr17	7676114	AG	A	2	0.0583	0.0597	2.0	2	0.500	DEL	1
chr17	76736825	GC	G	2	0.1007	0.1079	2.0	2	0.750	DEL	1
chr8	116848974	CT	C	2	0.0392	0.0421	2.0	2	0.500	DEL	1
chr8	116861915	AT	A	2	0.0643	0.0682	2.0	2	0.500	DEL	1
chrX	15809384	CT	C	2	0.1611	0.2188	2.0	2	0.500	DEL	1
chr12	112486473	AG	A	2	0.0594	0.0690	2.0	2	0.500	DEL	1
chr17	76737063	ACGC	A	2	0.0601	0.0775	2.0	2	1.000	DEL	3
chr3	128485779	T	TC	2	0.0432	0.0509	2.0	2	0.500	INS	1
chr3	128486265	GT	G	2	0.0607	0.0722	2.0	2	0.750	DEL	1
chr8	116863136	GA	G	2	0.0490	0.0585	2.0	2	0.500	DEL	1
chr8	116851999	AGGT	A	2	0.0377	0.0449	2.0	2	0.500	DEL	3
chrX	15823102	CG	C	2	0.0364	0.0470	2.0	2	1.000	DEL	1
chr12	112472981	GA	G	2	0.0436	0.0449	2.0	2	0.500	DEL	1
chr17	7673851	GA	G	2	0.0622	0.0642	2.0	2	0.500	DEL	1
chr15	90088653	GT	G	2	0.0677	0.0764	2.0	2	0.500	DEL	1
chr8	116852678	GT	G	2	0.0189	0.0213	2.0	2	1.000	DEL	1
chr3	128483834	TC	T	2	0.0667	0.0677	2.0	2	0.500	DEL	1
chr17	7676054	GC	G	1	0.4106	0.4106	14.0	14	0.714	DEL	1
chr8	116856280	GC	G	1	0.1090	0.1090	14.0	14	0.500	DEL	1
chr21	34834571	T	TG	1	0.0657	0.0657	10.0	10	1.000	INS	1
chr3	128481852	GC	G	1	0.2081	0.2081	10.0	10	1.000	DEL	1
chr1	36466606	CTG	C	1	0.2582	0.2582	9.0	9	0.556	DEL	2
chr3	128486106	G	GA	1	0.1039	0.1039	9.0	9	1.000	INS	1
chrX	15790473	AGGGGC	A	1	0.3998	0.3998	8.0	8	0.750	DEL	5
chr1	36466602	G	GGGC	1	0.2123	0.2123	8.0	8	1.000	INS	3
chr21	34792149	ACACGG	A	1	0.2965	0.2965	8.0	8	0.625	DEL	5
chr21	34834479	TG	T	1	0.1059	0.1059	8.0	8	1.000	DEL	1
chr21	34887016	C	CT	1	0.2308	0.2308	7.0	7	0.571	INS	1
chr3	128485891	AT	A	1	0.1207	0.1207	7.0	7	1.000	DEL	1
chr3	128486097	GC	G	1	0.0884	0.0884	6.0	6	1.000	DEL	1
chr3	128485748	T	TA	1	0.1583	0.1583	6.0	6	1.000	INS	1
chr21	34792157	T	TTCG	1	0.2493	0.2493	6.0	6	0.667	INS	3
chr21	34834582	AT	A	1	0.1021	0.1021	6.0	6	1.000	DEL	1
chr17	7676158	GA	G	1	0.1656	0.1656	6.0	6	0.667	DEL	1
chr3	128481854	AG	A	1	0.1687	0.1687	6.0	6	1.000	DEL	1
chr12	112419127	TGAGGAGCCCC	T	1	0.4584	0.4584	6.0	6	0.667	DEL	10
chr19	33302276	CAGGTGGGGCGGG	C	1	0.2335	0.2335	5.0	5	0.600	DEL	12
chr21	34834555	G	GA	1	0.0631	0.0631	5.0	5	1.000	INS	1
chr21	34792371	A	AAG	1	0.1412	0.1412	4.0	4	1.000	INS	2
chr8	116857465	CA	C	1	0.1512	0.1512	4.0	4	0.500	DEL	1
chr21	34799364	TG	T	1	0.1217	0.1217	4.0	4	0.750	DEL	1
chr13	28018617	TTA	T	1	0.0792	0.0792	4.0	4	0.750	DEL	2
chr17	7673824	C	CA	1	0.0577	0.0577	4.0	4	1.000	INS	1
chr21	34792339	G	GA	1	0.0669	0.0669	4.0	4	1.000	INS	1
chr3	128481916	CA	C	1	0.0973	0.0973	4.0	4	1.000	DEL	1
chr8	116866728	A	ATT	1	0.0648	0.0648	4.0	4	0.500	INS	2
chr17	7674217	CT	C	1	0.0803	0.0803	4.0	4	1.000	DEL	1
chr21	34834509	TG	T	1	0.0325	0.0325	4.0	4	1.000	DEL	1
chr21	34834561	GCT	G	1	0.0455	0.0455	4.0	4	1.000	DEL	2
chr21	34880706	GC	G	1	0.1193	0.1193	4.0	4	0.500	DEL	1
chr1	36466536	CCA	C	1	0.1245	0.1245	4.0	4	1.000	DEL	2
chr21	34792313	TCGC	T	1	0.1251	0.1251	4.0	4	0.500	DEL	3
chr3	128482018	AC	A	1	0.3422	0.3422	4.0	4	0.500	DEL	1
chrX	134413479	AT	A	1	0.0918	0.0918	4.0	4	0.500	DEL	1
chr12	112419135	C	CA	1	0.2419	0.2419	3.0	3	1.000	INS	1
chr13	28028182	C	CA	1	0.0512	0.0512	3.0	3	1.000	INS	1
chr2	197402610	T	TA	1	0.0396	0.0396	3.0	3	1.000	INS	1
chr8	116852691	A	AG	1	0.0399	0.0399	3.0	3	1.000	INS	1
chr8	116863153	T	TG	1	0.0797	0.0797	3.0	3	1.000	INS	1
chr9	5073731	CT	C	1	0.0495	0.0495	3.0	3	0.667	DEL	1
chr13	28018520	AGTC	A	1	0.0976	0.0976	3.0	3	1.000	DEL	3
chr13	28018521	GTC	G	1	0.0963	0.0963	3.0	3	1.000	DEL	2
chr2	197402609	A	AG	1	0.0416	0.0416	3.0	3	1.000	INS	1
chr2	197402657	T	TA	1	0.0823	0.0823	3.0	3	1.000	INS	1
chr3	128484014	GA	G	1	0.1276	0.1276	3.0	3	1.000	DEL	1
chr8	116849017	A	AG	1	0.1407	0.1407	3.0	3	1.000	INS	1
chr9	5073690	TTC	T	1	0.0586	0.0586	3.0	3	0.667	DEL	2
chr12	112486592	AG	A	1	0.0429	0.0429	3.0	3	1.000	DEL	1
chr13	28018621	TG	T	1	0.0608	0.0608	3.0	3	0.667	DEL	1
chr13	28028111	GCA	G	1	0.0228	0.0228	3.0	3	1.000	DEL	2
chr17	7676274	TG	T	1	0.0333	0.0333	3.0	3	1.000	DEL	1
chr17	76736895	AT	A	1	0.0650	0.0650	3.0	3	1.000	DEL	1
chr21	34834555	G	GGA	1	0.0158	0.0158	3.0	3	1.000	INS	2
chrX	15815782	T	TA	1	0.0410	0.0410	3.0	3	1.000	INS	1
chr19	33301848	G	GGGC	1	0.1904	0.1904	3.0	3	0.667	INS	3
chr11	32396355	TC	T	1	0.0717	0.0717	3.0	3	1.000	DEL	1
chr12	112486594	CATCATGGA	C	1	0.0585	0.0585	3.0	3	0.667	DEL	8
chr8	116850633	ATCT	A	1	0.0835	0.0835	3.0	3	0.667	DEL	3
chr11	32392059	TC	T	1	0.1405	0.1405	3.0	3	1.000	DEL	1
chr17	7676326	CCCCAGCCCTCCAGGT	C	1	0.1904	0.1904	3.0	3	1.000	DEL	15
chr19	33301528	A	AAGAG	1	0.1640	0.1640	3.0	3	1.000	INS	4
chr19	33301860	C	CT	1	0.2379	0.2379	3.0	3	1.000	INS	1
chr2	197402679	AC	A	1	0.1023	0.1023	3.0	3	1.000	DEL	1
chr2	208248664	G	GA	1	0.1059	0.1059	3.0	3	1.000	INS	1
chr4	54725962	GC	G	1	0.0921	0.0921	3.0	3	1.000	DEL	1
chr9	5073791	T	TA	1	0.0972	0.0972	3.0	3	1.000	INS	1
chr1	36466585	G	GA	1	0.0736	0.0736	3.0	3	1.000	INS	1
chr17	76736880	CG	C	1	0.1172	0.1172	3.0	3	0.667	DEL	1
chr19	33301637	GC	G	1	0.3741	0.3741	3.0	3	0.667	DEL	1
chr2	197402730	CA	C	1	0.0666	0.0666	3.0	3	1.000	DEL	1
chr2	208248646	ATGC	A	1	0.0607	0.0607	3.0	3	1.000	DEL	3
chr21	34792284	AGGGCGGCAGGAT	A	1	0.0837	0.0837	3.0	3	0.667	DEL	12
chr8	116850697	TG	T	1	0.0579	0.0579	3.0	3	0.667	DEL	1
chr8	116852644	TC	T	1	0.0242	0.0242	3.0	3	1.000	DEL	1
chrX	134413552	GA	G	1	0.0519	0.0519	3.0	3	0.667	DEL	1
chrX	134417336	AT	A	1	0.0788	0.0788	3.0	3	1.000	DEL	1
chr17	76737155	GC	G	1	0.1171	0.1171	3.0	3	1.000	DEL	1
chr21	34887013	G	GA	1	0.1146	0.1146	3.0	3	1.000	INS	1
chr3	128483933	AGGTAGTG	A	1	0.0939	0.0939	3.0	3	0.667	DEL	7
chr12	25227317	GT	G	1	0.0520	0.0520	2.0	2	1.000	DEL	1
chr12	112477926	CA	C	1	0.0512	0.0512	2.0	2	0.500	DEL	1
chr12	112486453	G	GAGT	1	0.0857	0.0857	2.0	2	1.000	INS	3
chr13	28028106	A	AGAGC	1	0.0296	0.0296	2.0	2	0.500	INS	4
chr13	28028106	A	AGAGAGC	1	0.0296	0.0296	2.0	2	0.500	INS	6
chr17	7673793	GC	G	1	0.0537	0.0537	2.0	2	1.000	DEL	1
chr17	76736847	G	GA	1	0.0977	0.0977	2.0	2	1.000	INS	1
chr21	34834473	T	TG	1	0.0452	0.0452	2.0	2	1.000	INS	1
chr21	43094685	CT	C	1	0.0624	0.0624	2.0	2	1.000	DEL	1
chr3	128481954	CA	C	1	0.0827	0.0827	2.0	2	0.500	DEL	1
chr3	128483954	C	CGCCGCCACA	1	0.0656	0.0656	2.0	2	0.500	INS	9
chr3	128484009	CA	C	1	0.0851	0.0851	2.0	2	0.500	DEL	1
chr3	128486029	GC	G	1	0.0400	0.0400	2.0	2	0.500	DEL	1
chr3	128486383	AG	A	1	0.0845	0.0845	2.0	2	1.000	DEL	1
chr4	54725952	G	GTC	1	0.0569	0.0569	2.0	2	1.000	INS	2
chr8	116850662	CT	C	1	0.0569	0.0569	2.0	2	0.500	DEL	1
chr8	116850794	TA	T	1	0.0744	0.0744	2.0	2	1.000	DEL	1
chr8	116852589	T	TA	1	0.0352	0.0352	2.0	2	1.000	INS	1
chr8	116856702	AC	A	1	0.0581	0.0581	2.0	2	1.000	DEL	1
chr8	116857389	GA	G	1	0.0631	0.0631	2.0	2	1.000	DEL	1
chr8	116857464	C	CG	1	0.0750	0.0750	2.0	2	1.000	INS	1
chr8	116863252	AT	A	1	0.0546	0.0546	2.0	2	0.500	DEL	1
chr8	116866770	G	GA	1	0.0865	0.0865	2.0	2	0.500	INS	1
chrX	15790478	CG	C	1	0.0922	0.0922	2.0	2	0.500	DEL	1
chrX	15790901	GC	G	1	0.1047	0.1047	2.0	2	1.000	DEL	1
chrX	15790937	CA	C	1	0.0657	0.0657	2.0	2	0.500	DEL	1
chrX	15804174	CG	C	1	0.0480	0.0480	2.0	2	1.000	DEL	1
chrX	15808226	AT	A	1	0.0603	0.0603	2.0	2	0.500	DEL	1
chrX	15809160	GT	G	1	0.0850	0.0850	2.0	2	0.500	DEL	1
chrX	15822838	TCTC	T	1	0.0601	0.0601	2.0	2	1.000	DEL	3
chrX	15823107	C	CAGCCGG	1	0.0528	0.0528	2.0	2	0.500	INS	6
chr1	36466601	A	AGGGCCAGG	1	0.0550	0.0550	2.0	2	0.500	INS	8
chr1	36466608	G	GC	1	0.0562	0.0562	2.0	2	1.000	INS	1
chr1	36466653	G	GA	1	0.0672	0.0672	2.0	2	1.000	INS	1
chr1	36466673	TC	T	1	0.0669	0.0669	2.0	2	0.500	DEL	1
chr1	36466673	T	TC	1	0.0669	0.0669	2.0	2	0.500	INS	1
chr11	32389041	TC	T	1	0.0738	0.0738	2.0	2	1.000	DEL	1
chr11	32396398	GT	G	1	0.0627	0.0627	2.0	2	1.000	DEL	1
chr12	112454685	GC	G	1	0.0579	0.0579	2.0	2	1.000	DEL	1
chr12	112478030	CTT	C	1	0.0647	0.0647	2.0	2	1.000	DEL	2
chr12	112486597	CA	C	1	0.0502	0.0502	2.0	2	0.500	DEL	1
chr12	112504757	TC	T	1	0.0635	0.0635	2.0	2	1.000	DEL	1
chr13	28028303	AG	A	1	0.0837	0.0837	2.0	2	1.000	DEL	1
chr13	28034145	C	CT	1	0.0644	0.0644	2.0	2	1.000	INS	1
chr13	28034167	G	GA	1	0.0661	0.0661	2.0	2	1.000	INS	1
chr15	90088675	C	CA	1	0.0589	0.0589	2.0	2	1.000	INS	1
chr15	90088720	CT	C	1	0.0611	0.0611	2.0	2	0.500	DEL	1
chr17	7673828	T	TCA	1	0.0614	0.0614	2.0	2	1.000	INS	2
chr17	7675079	TG	T	1	0.0611	0.0611	2.0	2	0.500	DEL	1
chr17	76736984	GA	G	1	0.0698	0.0698	2.0	2	0.500	DEL	1
chr17	76737155	G	GA	1	0.0670	0.0670	2.0	2	1.000	INS	1
chr19	33301606	C	CT	1	0.1028	0.1028	2.0	2	0.500	INS	1
chr19	33301692	GA	G	1	0.3774	0.3774	2.0	2	0.500	DEL	1
chr19	33301739	TG	T	1	0.2317	0.2317	2.0	2	0.500	DEL	1
chr19	33302101	TC	T	1	0.1391	0.1391	2.0	2	1.000	DEL	1
chr19	33302346	CG	C	1	0.0966	0.0966	2.0	2	0.500	DEL	1
chr19	33302346	C	CG	1	0.0966	0.0966	2.0	2	0.500	INS	1
chr2	197402797	G	GA	1	0.0619	0.0619	2.0	2	1.000	INS	1
chr2	208248404	GT	G	1	0.0406	0.0406	2.0	2	0.500	DEL	1
chr21	34792541	CG	C	1	0.0881	0.0881	2.0	2	0.500	DEL	1
chr21	34834492	GTGT	G	1	0.0207	0.0207	2.0	2	1.000	DEL	3
chr21	34834550	GA	G	1	0.0212	0.0212	2.0	2	0.500	DEL	1
chr21	34886996	G	GC	1	0.0645	0.0645	2.0	2	1.000	INS	1
chr21	34887011	CG	C	1	0.0676	0.0676	2.0	2	0.500	DEL	1
chr21	43094637	TG	T	1	0.0635	0.0635	2.0	2	0.500	DEL	1
chr3	128485998	A	AC	1	0.0302	0.0302	2.0	2	0.500	INS	1
chr3	128486403	G	GA	1	0.1029	0.1029	2.0	2	1.000	INS	1
chr3	128486934	TA	T	1	0.0922	0.0922	2.0	2	1.000	DEL	1
chr4	54725883	AT	A	1	0.0726	0.0726	2.0	2	1.000	DEL	1
chr8	116847599	G	GA	1	0.0550	0.0550	2.0	2	1.000	INS	1
chr8	116847698	TA	T	1	0.0864	0.0864	2.0	2	0.500	DEL	1
chr8	116851912	CT	C	1	0.0730	0.0730	2.0	2	0.500	DEL	1
chr8	116852584	TC	T	1	0.0403	0.0403	2.0	2	1.000	DEL	1
chr8	116852680	A	AGT	1	0.0266	0.0266	2.0	2	1.000	INS	2
chr8	116856202	C	CCT	1	0.0208	0.0208	2.0	2	1.000	INS	2
chr8	116858359	AT	A	1	0.1001	0.1001	2.0	2	0.500	DEL	1
chr8	116866562	TA	T	1	0.0848	0.0848	2.0	2	0.500	DEL	1
chr8	116866680	AT	A	1	0.0601	0.0601	2.0	2	0.500	DEL	1
chrX	134417196	GC	G	1	0.1221	0.1221	2.0	2	1.000	DEL	1
chr1	36466402	CAGG	C	1	0.0288	0.0288	2.0	2	1.000	DEL	3
chr1	36466590	TG	T	1	0.0302	0.0302	2.0	2	0.500	DEL	1
chr1	36467809	C	CT	1	0.0468	0.0468	2.0	2	0.500	INS	1
chr1	114713957	C	CA	1	0.0834	0.0834	2.0	2	1.000	INS	1
chr11	32389175	T	TAG	1	0.0292	0.0292	2.0	2	1.000	INS	2
chr11	32389186	AC	A	1	0.0299	0.0299	2.0	2	1.000	DEL	1
chr11	32396346	TC	T	1	0.0368	0.0368	2.0	2	1.000	DEL	1
chr11	32396371	CA	C	1	0.0343	0.0343	2.0	2	1.000	DEL	1
chr11	32396387	TC	T	1	0.0342	0.0342	2.0	2	1.000	DEL	1
chr12	112489079	GTC	G	1	0.0289	0.0289	2.0	2	1.000	DEL	2
chr12	112489216	GCT	G	1	0.0366	0.0366	2.0	2	1.000	DEL	2
chr13	28018625	A	AC	1	0.0422	0.0422	2.0	2	0.500	INS	1
chr13	28028190	AC	A	1	0.0172	0.0172	2.0	2	0.500	DEL	1
chr17	7676201	TTC	T	1	0.0346	0.0346	2.0	2	1.000	DEL	2
chr17	7676286	A	AG	1	0.0198	0.0198	2.0	2	1.000	INS	1
chr17	76736822	AC	A	1	0.0549	0.0549	2.0	2	0.500	DEL	1
chr19	33301866	CG	C	1	0.0948	0.0948	2.0	2	0.500	DEL	1
chr19	33302373	CG	C	1	0.1088	0.1088	2.0	2	0.500	DEL	1
chr2	197402607	CCATA	C	1	0.0124	0.0124	2.0	2	1.000	DEL	4
chr2	208248672	A	AG	1	0.0343	0.0343	2.0	2	1.000	INS	1
chr21	34880696	ATCC	A	1	0.0372	0.0372	2.0	2	1.000	DEL	3
chr21	34886856	GGC	G	1	0.0416	0.0416	2.0	2	1.000	DEL	2
chr21	34886897	G	GA	1	0.0459	0.0459	2.0	2	1.000	INS	1
chr3	128486196	AG	A	1	0.0313	0.0313	2.0	2	1.000	DEL	1
chr3	128486341	CG	C	1	0.0400	0.0400	2.0	2	0.500	DEL	1
chr4	54725918	G	GA	1	0.0286	0.0286	2.0	2	1.000	INS	1
chr8	116852534	TC	T	1	0.0258	0.0258	2.0	2	0.500	DEL	1
chr8	116852664	T	TA	1	0.0130	0.0130	2.0	2	1.000	INS	1
chr8	116854307	CT	C	1	0.0225	0.0225	2.0	2	1.000	DEL	1
chr8	116856229	C	CA	1	0.0073	0.0073	2.0	2	1.000	INS	1
chr8	116866584	AC	A	1	0.0326	0.0326	2.0	2	0.500	DEL	1
chrX	15823071	TAGGGACCGCAGC	T	1	0.0263	0.0263	2.0	2	1.000	DEL	12
chrX	15823096	CG	C	1	0.0253	0.0253	2.0	2	0.500	DEL	1
chrX	134393481	AT	A	1	0.0303	0.0303	2.0	2	0.500	DEL	1
chr1	36466538	A	AG	1	0.0511	0.0511	2.0	2	1.000	INS	1
chr1	36466698	C	CA	1	0.0537	0.0537	2.0	2	1.000	INS	1
chr12	112419098	AG	A	1	0.1101	0.1101	2.0	2	0.500	DEL	1
chr12	112450499	C	CA	1	0.0619	0.0619	2.0	2	1.000	INS	1
chr12	112473024	TA	T	1	0.0559	0.0559	2.0	2	0.500	DEL	1
chr12	112482286	T	TAG	1	0.0690	0.0690	2.0	2	1.000	INS	2
chr13	28034146	GT	G	1	0.0451	0.0451	2.0	2	1.000	DEL	1
chr17	7673713	TC	T	1	0.0448	0.0448	2.0	2	0.500	DEL	1
chr17	7673834	AC	A	1	0.0554	0.0554	2.0	2	1.000	DEL	1
chr17	7674965	GC	G	1	0.0611	0.0611	2.0	2	0.500	DEL	1
chr17	7675226	G	GA	1	0.0626	0.0626	2.0	2	1.000	INS	1
chr17	7676266	AG	A	1	0.0390	0.0390	2.0	2	0.500	DEL	1
chr17	7676275	G	GAGA	1	0.0401	0.0401	2.0	2	1.000	INS	3
chr17	76737136	C	CG	1	0.0621	0.0621	2.0	2	0.500	INS	1
chr2	208248427	CG	C	1	0.0339	0.0339	2.0	2	0.500	DEL	1
chr21	34880549	TAA	T	1	0.0479	0.0479	2.0	2	0.500	DEL	2
chr21	34887017	GC	G	1	0.0663	0.0663	2.0	2	0.500	DEL	1
chr21	34887022	G	GGC	1	0.0618	0.0618	2.0	2	0.500	INS	2
chr3	128485851	GTAGGT	G	1	0.0246	0.0246	2.0	2	1.000	DEL	5
chr3	128485885	G	GC	1	0.0214	0.0214	2.0	2	1.000	INS	1
chr4	54723584	CA	C	1	0.0436	0.0436	2.0	2	0.500	DEL	1
chr4	54733188	GA	G	1	0.0498	0.0498	2.0	2	0.500	DEL	1
chr5	171410621	C	CA	1	0.0302	0.0302	2.0	2	1.000	INS	1
chr8	116857401	CT	C	1	0.0513	0.0513	2.0	2	1.000	DEL	1
chrX	15799893	AGG	A	1	0.1055	0.1055	2.0	2	1.000	DEL	2
chrX	15822782	AT	A	1	0.0919	0.0919	2.0	2	1.000	DEL	1
chrX	15823107	CAGCCGGAGCCGG	C	1	0.0825	0.0825	2.0	2	0.500	DEL	12
chr1	36466395	TC	T	1	0.0414	0.0414	2.0	2	0.500	DEL	1
chr1	36466492	G	GT	1	0.0394	0.0394	2.0	2	0.500	INS	1
chr11	32389216	A	AT	1	0.0522	0.0522	2.0	2	1.000	INS	1
chr12	112454682	T	TA	1	0.0382	0.0382	2.0	2	1.000	INS	1
chr12	112488524	TG	T	1	0.0632	0.0632	2.0	2	0.500	DEL	1
chr13	28028192	G	GC	1	0.0234	0.0234	2.0	2	0.500	INS	1
chr13	28028290	T	TA	1	0.0447	0.0447	2.0	2	1.000	INS	1
chr13	28033986	C	CA	1	0.0471	0.0471	2.0	2	1.000	INS	1
chr13	28034105	A	AG	1	0.0351	0.0351	2.0	2	1.000	INS	1
chr13	28034193	GC	G	1	0.0398	0.0398	2.0	2	1.000	DEL	1
chr17	7673724	AG	A	1	0.0389	0.0389	2.0	2	0.500	DEL	1
chr17	7675029	GTC	G	1	0.0549	0.0549	2.0	2	0.500	DEL	2
chr17	76736925	AC	A	1	0.0497	0.0497	2.0	2	0.500	DEL	1
chr2	197402164	CA	C	1	0.0458	0.0458	2.0	2	1.000	DEL	1
chr2	197402184	A	AC	1	0.0560	0.0560	2.0	2	1.000	INS	1
chr2	197402795	ATG	A	1	0.0421	0.0421	2.0	2	1.000	DEL	2
chr3	128486261	GGT	G	1	0.0430	0.0430	2.0	2	1.000	DEL	2
chr3	128486273	CA	C	1	0.0463	0.0463	2.0	2	0.500	DEL	1
chr3	128487015	T	TC	1	0.0922	0.0922	2.0	2	1.000	INS	1
chr4	54726076	AG	A	1	0.0724	0.0724	2.0	2	0.500	DEL	1
chr5	171410640	CT	C	1	0.0506	0.0506	2.0	2	0.500	DEL	1
chr8	116850655	TC	T	1	0.0457	0.0457	2.0	2	1.000	DEL	1
chr8	116856291	GT	G	1	0.0094	0.0094	2.0	2	0.500	DEL	1
chr8	116856291	GTA	G	1	0.0094	0.0094	2.0	2	0.500	DEL	2
chr8	116856291	GTAA	G	1	0.0094	0.0094	2.0	2	0.500	DEL	3
chr8	116856291	GTAAA	G	1	0.0094	0.0094	2.0	2	0.500	DEL	4
chr8	116856291	G	GA	1	0.0094	0.0094	2.0	2	0.500	INS	1
chr8	116858455	GTC	G	1	0.0586	0.0586	2.0	2	1.000	DEL	2
chrX	15815733	T	TA	1	0.0801	0.0801	2.0	2	1.000	INS	1
chrX	15823131	G	GC	1	0.0743	0.0743	2.0	2	0.500	INS	1
chr1	36466777	T	TGA	1	0.0733	0.0733	2.0	2	1.000	INS	2
chr1	36467823	TG	T	1	0.0910	0.0910	2.0	2	0.500	DEL	1
chr11	32389141	TCTG	T	1	0.0672	0.0672	2.0	2	1.000	DEL	3
chr12	112446302	TG	T	1	0.0652	0.0652	2.0	2	0.500	DEL	1
chr12	112450346	AT	A	1	0.0588	0.0588	2.0	2	1.000	DEL	1
chr13	28018639	G	GA	1	0.1064	0.1064	2.0	2	1.000	INS	1
chr13	28034166	AG	A	1	0.0662	0.0662	2.0	2	1.000	DEL	1
chr13	28034193	G	GT	1	0.0649	0.0649	2.0	2	1.000	INS	1
chr15	90088753	AG	A	1	0.0905	0.0905	2.0	2	1.000	DEL	1
chr17	7676341	TCCCCAGCCCTCCA	T	1	0.4902	0.4902	2.0	2	1.000	DEL	13
chr17	7676356	GTCC	G	1	0.1047	0.1047	2.0	2	1.000	DEL	3
chr19	33301934	T	TA	1	0.1414	0.1414	2.0	2	1.000	INS	1
chr19	33302311	CG	C	1	0.1466	0.1466	2.0	2	0.500	DEL	1
chr19	33302391	C	CA	1	0.3003	0.3003	2.0	2	0.500	INS	1
chr19	33302392	TCGTA	T	1	0.3053	0.3053	2.0	2	0.500	DEL	4
chr2	197402865	A	AC	1	0.0841	0.0841	2.0	2	1.000	INS	1
chr2	208248414	TC	T	1	0.0458	0.0458	2.0	2	1.000	DEL	1
chr21	34887063	GA	G	1	0.0982	0.0982	2.0	2	0.500	DEL	1
chr21	34887103	G	GA	1	0.1460	0.1460	2.0	2	1.000	INS	1
chr3	128485807	AGT	A	1	0.0392	0.0392	2.0	2	1.000	DEL	2
chr3	128485912	AG	A	1	0.0315	0.0315	2.0	2	0.500	DEL	1
chr3	128486152	C	CT	1	0.0422	0.0422	2.0	2	1.000	INS	1
chr4	54723572	GT	G	1	0.0640	0.0640	2.0	2	0.500	DEL	1
chr4	54723606	C	CA	1	0.0643	0.0643	2.0	2	1.000	INS	1
chr8	116857406	T	TA	1	0.0725	0.0725	2.0	2	1.000	INS	1
chr8	116866591	GT	G	1	0.0682	0.0682	2.0	2	0.500	DEL	1
chrX	15790471	GGA	G	1	0.1940	0.1940	2.0	2	1.000	DEL	2
chrX	15823107	C	CAGCCGGAGCCGG	1	0.1316	0.1316	2.0	2	0.500	INS	12
chrX	134378069	A	AC	1	0.0984	0.0984	2.0	2	1.000	INS	1
chr1	36466713	CA	C	1	0.0544	0.0544	2.0	2	1.000	DEL	1
chr1	36466809	CG	C	1	0.0491	0.0491	2.0	2	0.500	DEL	1
chr11	32389127	C	CT	1	0.0431	0.0431	2.0	2	1.000	INS	1
chr11	32392762	GA	G	1	0.0631	0.0631	2.0	2	1.000	DEL	1
chr13	28028105	GAGA	G	1	0.0206	0.0206	2.0	2	1.000	DEL	3
chr13	28033984	TA	T	1	0.0483	0.0483	2.0	2	1.000	DEL	1
chr17	7676317	CCCCCAGCCCCCCAGCCCTCCAGGT	C	1	0.0514	0.0514	2.0	2	0.500	DEL	24
chr19	33301674	C	CT	1	0.6849	0.6849	2.0	2	1.000	INS	1
chr2	197401827	G	GA	1	0.0426	0.0426	2.0	2	1.000	INS	1
chr2	197401917	TTAG	T	1	0.0423	0.0423	2.0	2	0.500	DEL	3
chr21	34792607	GC	G	1	0.1795	0.1795	2.0	2	0.500	DEL	1
chr21	34834613	A	AC	1	0.0672	0.0672	2.0	2	1.000	INS	1
chr3	128481805	CG	C	1	0.0830	0.0830	2.0	2	0.500	DEL	1
chr3	128485886	TG	T	1	0.0359	0.0359	2.0	2	1.000	DEL	1
chr3	128486049	AG	A	1	0.0417	0.0417	2.0	2	1.000	DEL	1
chr3	128486337	TG	T	1	0.0718	0.0718	2.0	2	0.500	DEL	1
chr8	116852590	CTAG	C	1	0.0240	0.0240	2.0	2	0.500	DEL	3
chr8	116854480	A	AAC	1	0.0633	0.0633	2.0	2	1.000	INS	2
chr8	116856215	A	AC	1	0.0086	0.0086	2.0	2	1.000	INS	1
chrX	15809310	TG	T	1	0.0501	0.0501	2.0	2	1.000	DEL	1
chrX	15815729	AG	A	1	0.0453	0.0453	2.0	2	1.000	DEL	1
chrX	15822840	TC	T	1	0.0445	0.0445	2.0	2	1.000	DEL	1
chrX	15822896	GC	G	1	0.0412	0.0412	2.0	2	0.500	DEL	1
chrX	134413848	GC	G	1	0.0468	0.0468	2.0	2	0.500	DEL	1
chrX	134417197	CT	C	1	0.0395	0.0395	2.0	2	1.000	DEL	1
chr1	36466406	AG	A	1	0.0521	0.0521	2.0	2	0.500	DEL	1
chr1	36466756	CT	C	1	0.0576	0.0576	2.0	2	0.500	DEL	1
chr1	36466803	CA	C	1	0.0536	0.0536	2.0	2	0.500	DEL	1
chr1	114716049	C	CT	1	0.0764	0.0764	2.0	2	1.000	INS	1
chr11	32396244	CG	C	1	0.0684	0.0684	2.0	2	0.500	DEL	1
chr11	32396411	CA	C	1	0.0634	0.0634	2.0	2	1.000	DEL	1
chr12	25245383	AT	A	1	0.0603	0.0603	2.0	2	0.500	DEL	1
chr12	112446363	TA	T	1	0.0450	0.0450	2.0	2	0.500	DEL	1
chr12	112486470	TC	T	1	0.0537	0.0537	2.0	2	1.000	DEL	1
chr12	112488531	GA	G	1	0.0642	0.0642	2.0	2	1.000	DEL	1
chr13	28034114	TTG	T	1	0.0394	0.0394	2.0	2	1.000	DEL	2
chr17	7673827	GT	G	1	0.0497	0.0497	2.0	2	1.000	DEL	1
chr17	7676128	TA	T	1	0.0571	0.0571	2.0	2	0.500	DEL	1
chr17	76737058	C	CAGA	1	0.0690	0.0690	2.0	2	1.000	INS	3
chr19	33301505	T	TA	1	0.0745	0.0745	2.0	2	1.000	INS	1
chr19	33301813	AGGTGCGCGGGCGGCGGGTGCGGGTGCG	A	1	0.3711	0.3711	2.0	2	0.500	DEL	27
chr19	33301821	GGGCGGCGGGTGCGGGTGCGGGTGCGAGGGC	G	1	0.2670	0.2670	2.0	2	0.500	DEL	30
chr2	197401900	TA	T	1	0.0425	0.0425	2.0	2	0.500	DEL	1
chr2	197401913	TA	T	1	0.0442	0.0442	2.0	2	1.000	DEL	1
chr2	197402618	G	GA	1	0.0221	0.0221	2.0	2	1.000	INS	1
chr2	197402661	AG	A	1	0.0438	0.0438	2.0	2	1.000	DEL	1
chr21	34792192	GGA	G	1	0.0654	0.0654	2.0	2	1.000	DEL	2
chr21	43094641	CA	C	1	0.0629	0.0629	2.0	2	0.500	DEL	1
chr3	128483917	GC	G	1	0.0603	0.0603	2.0	2	0.500	DEL	1
chr3	128483942	C	CCACCCCT	1	0.0616	0.0616	2.0	2	0.500	INS	7
chr3	128486830	CCCGCG	C	1	0.0910	0.0910	2.0	2	0.500	DEL	5
chr4	54723638	TG	T	1	0.0494	0.0494	2.0	2	0.500	DEL	1
chr8	116852008	TGGA	T	1	0.0531	0.0531	2.0	2	0.500	DEL	3
chr8	116863282	ATT	A	1	0.0532	0.0532	2.0	2	1.000	DEL	2
chr9	5073778	AG	A	1	0.0424	0.0424	2.0	2	1.000	DEL	1
chrX	15790467	AC	A	1	0.0867	0.0867	2.0	2	0.500	DEL	1
chrX	15808244	G	GT	1	0.0491	0.0491	2.0	2	1.000	INS	1
chrX	15823189	A	AC	1	0.0485	0.0485	2.0	2	1.000	INS	1
chrX	134393573	TA	T	1	0.0277	0.0277	2.0	2	1.000	DEL	1
chrX	134393627	AT	A	1	0.0273	0.0273	2.0	2	0.500	DEL	1
chrX	134414049	ATT	A	1	0.0365	0.0365	2.0	2	0.500	DEL	2
